{"cameraMode":{"drawMode":0,"name":"Shaded","section":"Shading Mode"},"sceneLighting":false,"audioPlay":false,"sceneViewState":{"showFog":false,"showMaterialUpdate":true,"showSkybox":false,"showFlares":false,"showImageEffects":false,"showParticleSystems":false},"in2DMode":false,"pivot":{"x":-0.07473204284906388,"y":-0.058606311678886417,"z":0.08960571885108948},"rotation":{"x":0.13721270859241486,"y":-0.07067027688026428,"z":0.009814687073230744,"w":0.9879686832427979},"size":0.42294842004776,"orthographic":false}