{"cameraMode":{"drawMode":0,"name":"Shaded","section":"Shading Mode"},"sceneLighting":false,"audioPlay":false,"sceneViewState":{"showFog":false,"showMaterialUpdate":true,"showSkybox":false,"showFlares":false,"showImageEffects":false,"showParticleSystems":false},"in2DMode":false,"pivot":{"x":0.07323949784040451,"y":0.041607748717069629,"z":-0.004627324640750885},"rotation":{"x":-0.08127670735120774,"y":-0.48163777589797976,"z":-0.04492137208580971,"w":0.871436357498169},"size":0.14211612939834596,"orthographic":false}