{"cameraMode":{"drawMode":0,"name":"Shaded","section":"Shading Mode"},"sceneLighting":false,"audioPlay":false,"sceneViewState":{"showFog":false,"showMaterialUpdate":true,"showSkybox":false,"showFlares":false,"showImageEffects":false,"showParticleSystems":false},"in2DMode":false,"pivot":{"x":354.91925048828127,"y":631.7999267578125,"z":0.3999999761581421},"rotation":{"x":-0.01750648207962513,"y":0.9813560843467712,"z":0.10937898606061936,"w":0.157067209482193},"size":2522.80859375,"orthographic":false}